32f84e,172.18.0.5,GET,https://my-drupal-site.ddev.site/admin/content,1749654923,32f84e,200,request
ff97da,172.18.0.5,GET,https://my-drupal-site.ddev.site/admin/content,1749654923,32f84e,200,request
7da010,172.18.0.5,GET,https://my-drupal-site.ddev.site/admin/content,1749654923,32f84e,200,request
998871,172.18.0.5,GET,https://my-drupal-site.ddev.site/admin/content,1749654923,32f84e,200,request
384b48,172.18.0.5,GET,https://my-drupal-site.ddev.site/admin/content,1749654923,32f84e,200,request
e5801f,172.18.0.5,GET,https://my-drupal-site.ddev.site/admin/content,1749654923,32f84e,200,request
ad271f,172.18.0.5,GET,https://my-drupal-site.ddev.site/admin/content,1749654923,32f84e,200,request
2a2580,172.18.0.5,GET,https://my-drupal-site.ddev.site/admin/content,1749654923,32f84e,200,request
26c81b,172.18.0.5,GET,https://my-drupal-site.ddev.site/admin/content,1749654923,32f84e,200,request
25d76c,172.18.0.5,GET,https://my-drupal-site.ddev.site/admin/content,1749654923,32f84e,200,request
7271c4,172.18.0.5,GET,https://my-drupal-site.ddev.site/admin/content,1749654923,32f84e,200,request
77b71c,172.18.0.5,GET,https://my-drupal-site.ddev.site/admin/content,1749654923,32f84e,200,request
73aab6,172.18.0.5,GET,https://my-drupal-site.ddev.site/admin/content,1749654923,32f84e,200,request
0e72b8,172.18.0.5,GET,https://my-drupal-site.ddev.site/admin/content,1749654923,32f84e,200,request
4f7bb8,172.18.0.5,GET,https://my-drupal-site.ddev.site/admin/content,1749654923,32f84e,200,request
8656db,172.18.0.5,GET,https://my-drupal-site.ddev.site/admin/content,1749654923,32f84e,200,request
2e331f,172.18.0.5,GET,https://my-drupal-site.ddev.site/admin/content,1749654923,32f84e,200,request
31fdcb,172.18.0.5,GET,https://my-drupal-site.ddev.site/admin/content,1749654923,32f84e,200,request
b58eb8,172.18.0.5,GET,https://my-drupal-site.ddev.site/admin/content,1749654923,32f84e,200,request
0486d6,172.18.0.5,GET,https://my-drupal-site.ddev.site/admin/content,1749654923,32f84e,200,request
fc6fdf,172.18.0.5,GET,https://my-drupal-site.ddev.site/admin/content,1749654923,32f84e,200,request
08abdf,172.18.0.5,GET,https://my-drupal-site.ddev.site/contentdup/Copy%20of%20Basic%20Page/26?destination=%2Fadmin%2Fcontent,1749654965,08abdf,302,request
b7322e,172.18.0.5,GET,https://my-drupal-site.ddev.site/node/28/edit,1749654964,b7322e,200,request
29af51,172.18.0.5,GET,https://my-drupal-site.ddev.site/node/28/edit,1749654964,b7322e,200,request
974d6c,172.18.0.5,GET,https://my-drupal-site.ddev.site/node/28/edit,1749654964,b7322e,200,request
cfa7c7,172.18.0.5,GET,https://my-drupal-site.ddev.site/node/28/edit,1749654964,b7322e,200,request
ae29dc,172.18.0.5,GET,https://my-drupal-site.ddev.site/node/28/edit,1749654964,b7322e,200,request
6e0590,172.18.0.5,GET,https://my-drupal-site.ddev.site/node/28/edit,1749654964,b7322e,200,request
b80989,172.18.0.5,GET,https://my-drupal-site.ddev.site/node/28/edit,1749654964,b7322e,200,request
85b6e7,172.18.0.5,GET,https://my-drupal-site.ddev.site/node/28/edit,1749654964,b7322e,200,request
fb414f,172.18.0.5,GET,https://my-drupal-site.ddev.site/node/28/edit,1749654964,b7322e,200,request
321e2b,172.18.0.5,GET,https://my-drupal-site.ddev.site/node/28/edit,1749654964,b7322e,200,request
0ca808,172.18.0.5,GET,https://my-drupal-site.ddev.site/node/28/edit,1749654964,b7322e,200,request
0a8c08,172.18.0.5,GET,https://my-drupal-site.ddev.site/node/28/edit,1749654964,b7322e,200,request
db38e5,172.18.0.5,GET,https://my-drupal-site.ddev.site/node/28/edit,1749654964,b7322e,200,request
3c5e35,172.18.0.5,GET,https://my-drupal-site.ddev.site/node/28/edit,1749654964,b7322e,200,request
61d56a,172.18.0.5,GET,https://my-drupal-site.ddev.site/node/28/edit,1749654964,b7322e,200,request
744b83,172.18.0.5,GET,https://my-drupal-site.ddev.site/node/28/edit,1749654964,b7322e,200,request
10cbc9,172.18.0.5,GET,https://my-drupal-site.ddev.site/node/28/edit,1749654964,b7322e,200,request
efb42b,172.18.0.5,GET,https://my-drupal-site.ddev.site/node/28/edit,1749654964,b7322e,200,request
7951c6,172.18.0.5,GET,https://my-drupal-site.ddev.site/node/28/edit,1749654965,b7322e,200,request
a8b79d,172.18.0.5,GET,https://my-drupal-site.ddev.site/node/28/edit,1749654965,b7322e,200,request
973d99,172.18.0.5,GET,https://my-drupal-site.ddev.site/node/28/edit,1749654965,b7322e,200,request
fb0465,172.18.0.5,GET,https://my-drupal-site.ddev.site/node/28/edit,1749654965,b7322e,200,request
77532a,172.18.0.5,GET,https://my-drupal-site.ddev.site/admin/content,1749654969,77532a,200,request
96f89d,172.18.0.5,GET,https://my-drupal-site.ddev.site/admin/content,1749654969,77532a,200,request
09b03b,172.18.0.5,GET,https://my-drupal-site.ddev.site/admin/content,1749654969,77532a,200,request
a0b182,172.18.0.5,GET,https://my-drupal-site.ddev.site/admin/content,1749654969,77532a,200,request
eb6f0e,172.18.0.5,GET,https://my-drupal-site.ddev.site/admin/content,1749654969,77532a,200,request
c30e40,172.18.0.5,GET,https://my-drupal-site.ddev.site/admin/content,1749654969,77532a,200,request
e99d2d,172.18.0.5,GET,https://my-drupal-site.ddev.site/admin/content,1749654969,77532a,200,request
2fa0d2,172.18.0.5,GET,https://my-drupal-site.ddev.site/admin/content,1749654969,77532a,200,request
da8c7c,172.18.0.5,GET,https://my-drupal-site.ddev.site/admin/content,1749654969,77532a,200,request
986f37,172.18.0.5,GET,https://my-drupal-site.ddev.site/admin/content,1749654970,77532a,200,request
d3e968,172.18.0.5,GET,https://my-drupal-site.ddev.site/admin/content,1749654970,77532a,200,request
af0683,172.18.0.5,GET,https://my-drupal-site.ddev.site/admin/content,1749654970,77532a,200,request
c612ce,172.18.0.5,GET,https://my-drupal-site.ddev.site/admin/content,1749654970,77532a,200,request
18401a,172.18.0.5,GET,https://my-drupal-site.ddev.site/admin/content,1749654970,77532a,200,request
5a0d25,172.18.0.5,GET,https://my-drupal-site.ddev.site/admin/content,1749654970,77532a,200,request
c54a2b,172.18.0.5,GET,https://my-drupal-site.ddev.site/admin/content,1749654970,77532a,200,request
aa807f,172.18.0.5,GET,https://my-drupal-site.ddev.site/admin/content,1749654970,77532a,200,request
1847ac,172.18.0.5,GET,https://my-drupal-site.ddev.site/admin/content,1749654970,77532a,200,request
0ac73a,172.18.0.5,GET,https://my-drupal-site.ddev.site/admin/content,1749654970,77532a,200,request
4f8ee0,172.18.0.5,GET,https://my-drupal-site.ddev.site/admin/content,1749654970,77532a,200,request
5f342b,172.18.0.5,GET,https://my-drupal-site.ddev.site/admin/content,1749654970,77532a,200,request
db0e4c,172.18.0.5,GET,https://my-drupal-site.ddev.site/user/logout?token=2V_WSTErdci7rA-JWbXZx1nhmRf_hkaXKxf_tGV_ku8,1749654974,db0e4c,302,request
6fd53d,172.18.0.5,GET,https://my-drupal-site.ddev.site/,1749654974,6fd53d,200,request
5f6902,172.18.0.5,GET,https://my-drupal-site.ddev.site/contentdup/Basic%20Page/9?destination=%2Fadmin%2Fcontent,1749654986,5f6902,200,request
4dd2b4,172.18.0.5,GET,https://my-drupal-site.ddev.site/contentdup/Basic%20Page/9?destination=%2Fadmin%2Fcontent,1749654986,4dd2b4,403,request
6d7217,172.18.0.5,GET,https://my-drupal-site.ddev.site/user/login,1749654988,6d7217,200,request
315619,172.18.0.5,POST,https://my-drupal-site.ddev.site/user/login,1749654992,315619,303,request
960502,172.18.0.5,GET,https://my-drupal-site.ddev.site/user/1?check_logged_in=1,1749654993,960502,200,request
af7c22,172.18.0.5,GET,https://my-drupal-site.ddev.site/user/1?check_logged_in=1,1749654993,960502,200,request
913a05,172.18.0.5,GET,https://my-drupal-site.ddev.site/user/1?check_logged_in=1,1749654993,960502,200,request
c06ff1,172.18.0.5,GET,https://my-drupal-site.ddev.site/user/1?check_logged_in=1,1749654993,960502,200,request
e166a8,172.18.0.5,GET,https://my-drupal-site.ddev.site/user/1?check_logged_in=1,1749654993,960502,200,request
dd94fa,172.18.0.5,GET,https://my-drupal-site.ddev.site/user/1?check_logged_in=1,1749654993,960502,200,request
3a70d2,172.18.0.5,GET,https://my-drupal-site.ddev.site/user/1?check_logged_in=1,1749654993,960502,200,request
87b652,172.18.0.5,GET,https://my-drupal-site.ddev.site/user/1?check_logged_in=1,1749654993,960502,200,request
a0cffa,172.18.0.5,GET,https://my-drupal-site.ddev.site/user/1?check_logged_in=1,1749654993,960502,200,request
8e45e4,172.18.0.5,GET,https://my-drupal-site.ddev.site/user/1?check_logged_in=1,1749654993,960502,200,request
c52c82,172.18.0.5,GET,https://my-drupal-site.ddev.site/user/1?check_logged_in=1,1749654993,960502,200,request
6eabb9,172.18.0.5,GET,https://my-drupal-site.ddev.site/user/1?check_logged_in=1,1749654993,960502,200,request
e067d7,172.18.0.5,GET,https://my-drupal-site.ddev.site/user/1?check_logged_in=1,1749654993,960502,200,request
31629c,172.18.0.5,GET,https://my-drupal-site.ddev.site/user/1?check_logged_in=1,1749654993,960502,200,request
3dfeb7,172.18.0.5,GET,https://my-drupal-site.ddev.site/user/1?check_logged_in=1,1749654993,960502,200,request
14e7d1,172.18.0.5,GET,https://my-drupal-site.ddev.site/user/1?check_logged_in=1,1749654993,960502,200,request
1d4360,172.18.0.5,GET,https://my-drupal-site.ddev.site/user/1?check_logged_in=1,1749654993,960502,200,request
437c78,172.18.0.5,GET,https://my-drupal-site.ddev.site/user/1?check_logged_in=1,1749654993,960502,200,request
5ddf66,172.18.0.5,GET,https://my-drupal-site.ddev.site/user/1?check_logged_in=1,1749654993,960502,200,request
8f1ed8,172.18.0.5,GET,https://my-drupal-site.ddev.site/user/1?check_logged_in=1,1749654993,960502,200,request
3a2292,172.18.0.5,GET,https://my-drupal-site.ddev.site/user/1?check_logged_in=1,1749654993,960502,200,request
54dc2f,172.18.0.5,GET,https://my-drupal-site.ddev.site/user/1?check_logged_in=1,1749654993,960502,200,request
a90e23,172.18.0.5,GET,https://my-drupal-site.ddev.site/admin/content,1749654999,a90e23,200,request
0cbad3,172.18.0.5,GET,https://my-drupal-site.ddev.site/admin/content,1749654999,a90e23,200,request
55d320,172.18.0.5,GET,https://my-drupal-site.ddev.site/admin/content,1749654999,a90e23,200,request
76d7d3,172.18.0.5,GET,https://my-drupal-site.ddev.site/admin/content,1749654999,a90e23,200,request
8ffecf,172.18.0.5,GET,https://my-drupal-site.ddev.site/admin/content,1749654999,a90e23,200,request
fa0a79,172.18.0.5,GET,https://my-drupal-site.ddev.site/admin/content,1749654999,a90e23,200,request
dd36c3,172.18.0.5,GET,https://my-drupal-site.ddev.site/admin/content,1749654999,a90e23,200,request
cf702d,172.18.0.5,GET,https://my-drupal-site.ddev.site/admin/content,1749654999,a90e23,200,request
a55ef7,172.18.0.5,GET,https://my-drupal-site.ddev.site/admin/content,1749654999,a90e23,200,request
5e676e,172.18.0.5,GET,https://my-drupal-site.ddev.site/admin/content,1749654999,a90e23,200,request
06482e,172.18.0.5,GET,https://my-drupal-site.ddev.site/admin/content,1749654999,a90e23,200,request
e88635,172.18.0.5,GET,https://my-drupal-site.ddev.site/admin/content,1749654999,a90e23,200,request
c23cbd,172.18.0.5,GET,https://my-drupal-site.ddev.site/admin/content,1749654999,a90e23,200,request
f337f4,172.18.0.5,GET,https://my-drupal-site.ddev.site/admin/content,1749654999,a90e23,200,request
e115ba,172.18.0.5,GET,https://my-drupal-site.ddev.site/admin/content,1749654999,a90e23,200,request
0a3e08,172.18.0.5,GET,https://my-drupal-site.ddev.site/admin/content,1749654999,a90e23,200,request
b53507,172.18.0.5,GET,https://my-drupal-site.ddev.site/admin/content,1749654999,a90e23,200,request
73716b,172.18.0.5,GET,https://my-drupal-site.ddev.site/admin/content,1749654999,a90e23,200,request
45a1c3,172.18.0.5,GET,https://my-drupal-site.ddev.site/admin/content,1749654999,a90e23,200,request
2017d5,172.18.0.5,GET,https://my-drupal-site.ddev.site/admin/content,1749654999,a90e23,200,request
2fb45d,172.18.0.5,GET,https://my-drupal-site.ddev.site/admin/content,1749654999,a90e23,200,request
